,tipo,nulos,pct_nulos,distintos,pct_distintos
instructions/10,str,1321,99.8,3,0.2
secondaryMuscles/5,str,1322,99.8,1,0.1
secondaryMuscles/4,str,1320,99.7,2,0.2
instructions/9,str,1319,99.6,4,0.3
instructions/8,str,1304,98.5,10,0.8
secondaryMuscles/3,str,1292,97.6,7,0.5
instructions/7,str,1232,93.1,32,2.4
secondaryMuscles/2,str,1091,82.4,15,1.1
instructions/6,str,1011,76.4,106,8.0
instructions/5,str,585,44.2,294,22.2
secondaryMuscles/1,str,338,25.5,35,2.6
instructions/4,str,82,6.2,604,45.6
gifUrl,str,0,0.0,1324,100.0
bodyPart,str,0,0.0,10,0.8
equipment,str,0,0.0,28,2.1
secondaryMuscles/0,str,0,0.0,29,2.2
target,str,0,0.0,19,1.4
name,str,0,0.0,1318,99.5
id,int64,0,0.0,1324,100.0
instructions/3,str,0,0.0,898,67.8
instructions/0,str,0,0.0,805,60.8
instructions/1,str,0,0.0,985,74.4
instructions/2,str,0,0.0,1078,81.4
